-- CLUBS
INSERT INTO clubs (club_name, club_logo, club_description) VALUES ('The Best Club', 'logo_url', 'El mejor Club');

-- ROLES
INSERT INTO roles (role_name) VALUES ('Admin'),('Player'),('Coach');

--COACHES -> revisar si se agrega CLUB ID
INSERT INTO coaches (user_name, user_lastname, user_dni, user_email, user_address, user_password, role_id, club_id) VALUES ('Carlos', 'González', '11111', 'carlos.gonzalez@example.com', 'Avenida Principal 456', 'password',3,1);
INSERT INTO coaches (user_name, user_lastname, user_dni, user_email, user_address, user_password, role_id, club_id) VALUES ('Silvina', 'Boggi', '22222', 'dos@example.com', 'Avenida Principal 400', '5323',3,1);
INSERT INTO coaches (user_name, user_lastname, user_dni, user_email, user_address, user_password, role_id, club_id) VALUES ('Mariano', 'Mendez', '33333', 'tres@example.com', 'Avenida Principal 333', '12451',3,1);
INSERT INTO coaches (user_name, user_lastname, user_dni, user_email, user_address, user_password, role_id, club_id) VALUES ('Juliana', 'Basi', '44444', 'cuatro@example.com', 'Avenida Guemes 44', 'basii22',3,1);
INSERT INTO coaches (user_name, user_lastname, user_dni, user_email, user_address, user_password, role_id, club_id) VALUES ('Cristina', 'Casna', '55555', 'cinco@example.com', 'Avenida Guemes 55', 'criscas',3,1);
INSERT INTO coaches (user_name, user_lastname, user_dni, user_email, user_address, user_password, role_id, club_id) VALUES ('Marcos', 'Vitro', '66666', 'seis@example.com', 'Libertador 66', '66666',3,1);
INSERT INTO coaches (user_name, user_lastname, user_dni, user_email, user_address, user_password, role_id, club_id) VALUES ('Ariel', 'Ensusalsa', '77777', 'siete@example.com', 'Federico Lacorze 000', 'comidaaa',3,1);
INSERT INTO coaches (user_name, user_lastname, user_dni, user_email, user_address, user_password, role_id, club_id) VALUES ('Gerorgi', 'barbarossa', '888888', 'ocho@example.com', 'Av Paseo Colon 550', 'tartadeciruela',3,1);
INSERT INTO coaches (user_name, user_lastname, user_dni, user_email, user_address, user_password, role_id, club_id) VALUES ('Coach', 'Prueba', '00000', 'zero@example.com', 'Direccion 0', 'cero0',3,1);

-- TEAM
INSERT INTO team (team_name, team_description) VALUES ('Los dragones', 'Vuelan alto y veloz');

-- CATEGORIES
INSERT INTO categories (category_id, category_name, category_schedule, category_daytraining, category_fee, coach_number, team_id) VALUES (2018,'2018', 'Martes', '16:00 - 18:00', '100 USD',1,1);
INSERT INTO categories (category_id, category_name, category_schedule, category_daytraining, category_fee, coach_number, team_id) VALUES (2017, '2017', 'Viernes', '17:00 - 19:00', '100 USD',2,1);
INSERT INTO categories (category_id, category_name, category_schedule, category_daytraining, category_fee, coach_number, team_id) VALUES (2016, '2016', 'Lunes', '16:00 - 18:00', '100 USD',3,1);
INSERT INTO categories (category_id, category_name, category_schedule, category_daytraining, category_fee, coach_number, team_id) VALUES (2015, '2015', 'Jueves', '17:00 - 19:00', '100 USD',4,1);
INSERT INTO categories (category_id, category_name, category_schedule, category_daytraining, category_fee, coach_number, team_id) VALUES (2014, '2014', 'Martes', '19:00 - 21:00', '100 USD',5,1);
INSERT INTO categories (category_id, category_name, category_schedule, category_daytraining, category_fee, coach_number, team_id) VALUES (2013, '2013', 'Jueves', '19:00 - 21:00', '100 USD',6,1);
INSERT INTO categories (category_id, category_name, category_schedule, category_daytraining, category_fee, coach_number, team_id) VALUES (2012, '2012', 'Lunes', '19:00 - 21:00', '100 USD',7,1);
INSERT INTO categories (category_id, category_name, category_schedule, category_daytraining, category_fee, coach_number, team_id) VALUES (2011, '2011', 'Viernes', '19:00 - 21:00', '100 USD',8,1);

-- PLAYERS
INSERT INTO players (player_fee_paid, player_password_changed, category_id, club_id, role_id, player_birthdate, player_position, user_address, user_dni, user_email, user_lastname, user_name, user_password) VALUES (1, 0, 2011, 1, 2, '2011-05-15', 'Defensor', '123 Main St', '123456789', 'player1@example.com', 'Doe', 'John', 'password1');
INSERT INTO players (player_fee_paid, player_password_changed, category_id, club_id, role_id, player_birthdate, player_position, user_address, user_dni, user_email, user_lastname, user_name, user_password) VALUES (1, 1, 2011, 1, 2, '2011-08-22', 'Medio', '456 Elm St', '987654321', 'player2@example.com', 'Smith', 'Albert', 'password2');
INSERT INTO players (player_fee_paid, player_password_changed, category_id, club_id, role_id, player_birthdate, player_position, user_address, user_dni, user_email, user_lastname, user_name, user_password) VALUES (0, 1, 2011, 1, 2, '2011-02-10', 'Delantero', '789 Oak St', '456123789', 'player3@example.com', 'Johnson', 'Bob', 'password3');
INSERT INTO players (player_fee_paid, player_password_changed, category_id, club_id, role_id, player_birthdate, player_position, user_address, user_dni, user_email, user_lastname, user_name, user_password) VALUES (0, 0, 2011, 1, 2, '2011-07-30', 'Arquero', '101 Pine St', '789456123', 'player4@example.com', 'Williams', 'Emilio', 'password4');
INSERT INTO players (player_fee_paid, player_password_changed, category_id, club_id, role_id, player_birthdate, player_position, user_address, user_dni, user_email, user_lastname, user_name, user_password) VALUES (0, 0, 2011, 1, 2, '2011-11-05', 'Medio', '202 Maple St', '321654987', 'player5@example.com', 'Brown', 'Michael', 'password5');
INSERT INTO players (player_fee_paid, player_password_changed, category_id, club_id, role_id, player_birthdate, player_position, user_address, user_dni, user_email, user_lastname, user_name, user_password) VALUES (0, 0, 2011, 1, 2, '2011-09-15', 'Defensor', '22 Maple St', '421654987', 'player6@example.com', 'Brown', 'Matias', 'password6');
INSERT INTO players (player_fee_paid, player_password_changed, category_id, club_id, role_id, player_birthdate, player_position, user_address, user_dni, user_email, user_lastname, user_name, user_password) VALUES (0, 0, 2011, 1, 2, '2011-10-25', 'Delantero', '202 Maple St', '321654347', 'player7@example.com', 'Perez', 'Leonardo', 'password7');
INSERT INTO players (player_fee_paid, player_password_changed, category_id, club_id, role_id, player_birthdate, player_position, user_address, user_dni, user_email, user_lastname, user_name, user_password) VALUES (1, 0, 2012, 1, 2, '2012-05-15', 'Defensor', '123 Main St', '123476789', 'player121@example.com', 'Doe', 'John', 'password1');
INSERT INTO players (player_fee_paid, player_password_changed, category_id, club_id, role_id, player_birthdate, player_position, user_address, user_dni, user_email, user_lastname, user_name, user_password) VALUES (1, 1, 2012, 1, 2, '2012-08-22', 'Medio', '456 Elm St', '987654326', 'player122@example.com', 'Smith', 'Albert', 'password2');
INSERT INTO players (player_fee_paid, player_password_changed, category_id, club_id, role_id, player_birthdate, player_position, user_address, user_dni, user_email, user_lastname, user_name, user_password) VALUES (0, 1, 2012, 1, 2, '2012-02-10', 'Delantero', '789 Oak St', '456125789', 'player123@example.com', 'Johnson', 'Bob', 'password3');
INSERT INTO players (player_fee_paid, player_password_changed, category_id, club_id, role_id, player_birthdate, player_position, user_address, user_dni, user_email, user_lastname, user_name, user_password) VALUES (0, 0, 2012, 1, 2, '2012-07-30', 'Arquero', '101 Pine St', '789456423', 'player124@example.com', 'Williams', 'Emilio', 'password4');
INSERT INTO players (player_fee_paid, player_password_changed, category_id, club_id, role_id, player_birthdate, player_position, user_address, user_dni, user_email, user_lastname, user_name, user_password) VALUES (0, 0, 2012, 1, 2, '2012-11-05', 'Medio', '202 Maple St', '321654937', 'player125@example.com', 'Brown', 'Michael', 'password5');
INSERT INTO players (player_fee_paid, player_password_changed, category_id, club_id, role_id, player_birthdate, player_position, user_address, user_dni, user_email, user_lastname, user_name, user_password) VALUES (0, 0, 2012, 1, 2, '2012-09-15', 'Defensor', '22 Maple St', '421652987', 'player126@example.com', 'Brown', 'Matias', 'password6');
INSERT INTO players (player_fee_paid, player_password_changed, category_id, club_id, role_id, player_birthdate, player_position, user_address, user_dni, user_email, user_lastname, user_name, user_password) VALUES (0, 0, 2012, 1, 2, '2012-10-25', 'Delantero', '202 Maple St', '381154347', 'player127@example.com', 'Perez', 'Leonardo', 'password7');
INSERT INTO players (player_fee_paid, player_password_changed, category_id, club_id, role_id, player_birthdate, player_position, user_address, user_dni, user_email, user_lastname, user_name, user_password) VALUES (1, 0, 2013, 1, 2, '2013-05-15', 'Defensor', '123 Main St', '123756789', 'player131@example.com', 'Doe', 'John', 'password1');
INSERT INTO players (player_fee_paid, player_password_changed, category_id, club_id, role_id, player_birthdate, player_position, user_address, user_dni, user_email, user_lastname, user_name, user_password) VALUES (1, 1, 2013, 1, 2, '2013-08-22', 'Medio', '456 Elm St', '967654321', 'player132@example.com', 'Smith', 'Albert', 'password2');
INSERT INTO players (player_fee_paid, player_password_changed, category_id, club_id, role_id, player_birthdate, player_position, user_address, user_dni, user_email, user_lastname, user_name, user_password) VALUES (0, 1, 2013, 1, 2, '2013-02-10', 'Delantero', '789 Oak St', '456125789', 'player133@example.com', 'Johnson', 'Bob', 'password3');
INSERT INTO players (player_fee_paid, player_password_changed, category_id, club_id, role_id, player_birthdate, player_position, user_address, user_dni, user_email, user_lastname, user_name, user_password) VALUES (0, 0, 2013, 1, 2, '2013-07-30', 'Arquero', '101 Pine St', '789456423', 'player134@example.com', 'Williams', 'Emilio', 'password4');
INSERT INTO players (player_fee_paid, player_password_changed, category_id, club_id, role_id, player_birthdate, player_position, user_address, user_dni, user_email, user_lastname, user_name, user_password) VALUES (0, 0, 2013, 1, 2, '2013-11-05', 'Medio', '202 Maple St', '32165493', 'player135@example.com', 'Brown', 'Michael', 'password5');
INSERT INTO players (player_fee_paid, player_password_changed, category_id, club_id, role_id, player_birthdate, player_position, user_address, user_dni, user_email, user_lastname, user_name, user_password) VALUES (0, 0, 2013, 1, 2, '2013-09-15', 'Defensor', '22 Maple St', '42165428', 'player136@example.com', 'Brown', 'Matias', 'password6');
INSERT INTO players (player_fee_paid, player_password_changed, category_id, club_id, role_id, player_birthdate, player_position, user_address, user_dni, user_email, user_lastname, user_name, user_password) VALUES (0, 0, 2013, 1, 2, '2013-10-25', 'Delantero', '202 Maple St', '32165431', 'player137@example.com', 'Perez', 'Leonardo', 'password7');
INSERT INTO players (player_fee_paid, player_password_changed, category_id, club_id, role_id, player_birthdate, player_position, user_address, user_dni, user_email, user_lastname, user_name, user_password) VALUES (1, 0, 2014, 1, 2, '2014-05-15', 'Defensor', '123 Main St', '12345678', 'player141@example.com', 'Doe', 'John', 'password1');
INSERT INTO players (player_fee_paid, player_password_changed, category_id, club_id, role_id, player_birthdate, player_position, user_address, user_dni, user_email, user_lastname, user_name, user_password) VALUES (1, 1, 2014, 1, 2, '2014-08-22', 'Medio', '456 Elm St', '98765432', 'player142@example.com', 'Smith', 'Albert', 'password2');
INSERT INTO players (player_fee_paid, player_password_changed, category_id, club_id, role_id, player_birthdate, player_position, user_address, user_dni, user_email, user_lastname, user_name, user_password) VALUES (0, 1, 2014, 1, 2, '2014-02-10', 'Delantero', '789 Oak St', '45612379', 'player143@example.com', 'Johnson', 'Bob', 'password3');
INSERT INTO players (player_fee_paid, player_password_changed, category_id, club_id, role_id, player_birthdate, player_position, user_address, user_dni, user_email, user_lastname, user_name, user_password) VALUES (0, 0, 2014, 1, 2, '2014-07-30', 'Arquero', '101 Pine St', '78945123', 'player144@example.com', 'Williams', 'Emilio', 'password4');
INSERT INTO players (player_fee_paid, player_password_changed, category_id, club_id, role_id, player_birthdate, player_position, user_address, user_dni, user_email, user_lastname, user_name, user_password) VALUES (0, 0, 2014, 1, 2, '2014-11-05', 'Medio', '202 Maple St', '32165987', 'player145@example.com', 'Brown', 'Michael', 'password5');
INSERT INTO players (player_fee_paid, player_password_changed, category_id, club_id, role_id, player_birthdate, player_position, user_address, user_dni, user_email, user_lastname, user_name, user_password) VALUES (0, 0, 2014, 1, 2, '2014-09-15', 'Defensor', '22 Maple St', '42654987', 'player146@example.com', 'Brown', 'Matias', 'password6');
INSERT INTO players (player_fee_paid, player_password_changed, category_id, club_id, role_id, player_birthdate, player_position, user_address, user_dni, user_email, user_lastname, user_name, user_password) VALUES (0, 0, 2014, 1, 2, '2014-10-25', 'Delantero', '202 Maple St', '21654347', 'player147@example.com', 'Perez', 'Leonardo', 'password7');
INSERT INTO players (player_fee_paid, player_password_changed, category_id, club_id, role_id, player_birthdate, player_position, user_address, user_dni, user_email, user_lastname, user_name, user_password) VALUES (1, 0, 2015, 1, 2, '2015-05-15', 'Defensor', '123 Main St', '23456789', 'player151@example.com', 'Doe', 'John', 'password1');
INSERT INTO players (player_fee_paid, player_password_changed, category_id, club_id, role_id, player_birthdate, player_position, user_address, user_dni, user_email, user_lastname, user_name, user_password) VALUES (1, 1, 2015, 1, 2, '2015-08-22', 'Medio', '456 Elm St', '87654321', 'player152@example.com', 'Smith', 'Albert', 'password2');
INSERT INTO players (player_fee_paid, player_password_changed, category_id, club_id, role_id, player_birthdate, player_position, user_address, user_dni, user_email, user_lastname, user_name, user_password) VALUES (0, 1, 2015, 1, 2, '2015-02-10', 'Delantero', '789 Oak St', '56123789', 'player153@example.com', 'Johnson', 'Bob', 'password3');
INSERT INTO players (player_fee_paid, player_password_changed, category_id, club_id, role_id, player_birthdate, player_position, user_address, user_dni, user_email, user_lastname, user_name, user_password) VALUES (0, 0, 2015, 1, 2, '2015-07-30', 'Arquero', '101 Pine St', '89456123', 'player154@example.com', 'Williams', 'Emilio', 'password4');
INSERT INTO players (player_fee_paid, player_password_changed, category_id, club_id, role_id, player_birthdate, player_position, user_address, user_dni, user_email, user_lastname, user_name, user_password) VALUES (0, 0, 2015, 1, 2, '2015-11-05', 'Medio', '202 Maple St', '21654987', 'player155@example.com', 'Brown', 'Michael', 'password5');
INSERT INTO players (player_fee_paid, player_password_changed, category_id, club_id, role_id, player_birthdate, player_position, user_address, user_dni, user_email, user_lastname, user_name, user_password) VALUES (0, 0, 2015, 1, 2, '2015-09-15', 'Defensor', '22 Maple St', '41654987', 'player156@example.com', 'Brown', 'Matias', 'password6');
INSERT INTO players (player_fee_paid, player_password_changed, category_id, club_id, role_id, player_birthdate, player_position, user_address, user_dni, user_email, user_lastname, user_name, user_password) VALUES (0, 0, 2015, 1, 2, '2015-10-25', 'Delantero', '202 Maple St', '32165347', 'player157@example.com', 'Perez', 'Leonardo', 'password7');
INSERT INTO players (player_fee_paid, player_password_changed, category_id, club_id, role_id, player_birthdate, player_position, user_address, user_dni, user_email, user_lastname, user_name, user_password) VALUES (1, 0, 2016, 1, 2, '2016-05-15', 'Defensor', '123 Main St', '13456789', 'player161@example.com', 'Doe', 'John', 'password1');
INSERT INTO players (player_fee_paid, player_password_changed, category_id, club_id, role_id, player_birthdate, player_position, user_address, user_dni, user_email, user_lastname, user_name, user_password) VALUES (1, 1, 2016, 1, 2, '2016-08-22', 'Medio', '456 Elm St', '97654321', 'player162@example.com', 'Smith', 'Albert', 'password2');
INSERT INTO players (player_fee_paid, player_password_changed, category_id, club_id, role_id, player_birthdate, player_position, user_address, user_dni, user_email, user_lastname, user_name, user_password) VALUES (0, 1, 2016, 1, 2, '2016-02-10', 'Delantero', '789 Oak St', '46123789', 'player163@example.com', 'Johnson', 'Bob', 'password3');
INSERT INTO players (player_fee_paid, player_password_changed, category_id, club_id, role_id, player_birthdate, player_position, user_address, user_dni, user_email, user_lastname, user_name, user_password) VALUES (0, 0, 2016, 1, 2, '2016-07-30', 'Arquero', '101 Pine St', '79456123', 'player164@example.com', 'Williams', 'Emilio', 'password4');
INSERT INTO players (player_fee_paid, player_password_changed, category_id, club_id, role_id, player_birthdate, player_position, user_address, user_dni, user_email, user_lastname, user_name, user_password) VALUES (0, 0, 2016, 1, 2, '2016-11-05', 'Medio', '202 Maple St', '31654987', 'player165@example.com', 'Brown', 'Michael', 'password5');
INSERT INTO players (player_fee_paid, player_password_changed, category_id, club_id, role_id, player_birthdate, player_position, user_address, user_dni, user_email, user_lastname, user_name, user_password) VALUES (0, 0, 2016, 1, 2, '2016-09-15', 'Defensor', '22 Maple St', '41654987', 'player166@example.com', 'Brown', 'Matias', 'password6');
INSERT INTO players (player_fee_paid, player_password_changed, category_id, club_id, role_id, player_birthdate, player_position, user_address, user_dni, user_email, user_lastname, user_name, user_password) VALUES (0, 0, 2016, 1, 2, '2016-10-25', 'Delantero', '202 Maple St', '31654347', 'player167@example.com', 'Perez', 'Leonardo', 'password7');
INSERT INTO players (player_fee_paid, player_password_changed, category_id, club_id, role_id, player_birthdate, player_position, user_address, user_dni, user_email, user_lastname, user_name, user_password) VALUES (1, 0, 2017, 1, 2, '2017-05-15', 'Defensor', '123 Main St', '12456789', 'player171@example.com', 'Doe', 'John', 'password1');
INSERT INTO players (player_fee_paid, player_password_changed, category_id, club_id, role_id, player_birthdate, player_position, user_address, user_dni, user_email, user_lastname, user_name, user_password) VALUES (1, 1, 2017, 1, 2, '2017-08-22', 'Medio', '456 Elm St', '98654321', 'player172@example.com', 'Smith', 'Albert', 'password2');
INSERT INTO players (player_fee_paid, player_password_changed, category_id, club_id, role_id, player_birthdate, player_position, user_address, user_dni, user_email, user_lastname, user_name, user_password) VALUES (0, 1, 2017, 1, 2, '2017-02-10', 'Delantero', '789 Oak St', '45123789', 'player173@example.com', 'Johnson', 'Bob', 'password3');
INSERT INTO players (player_fee_paid, player_password_changed, category_id, club_id, role_id, player_birthdate, player_position, user_address, user_dni, user_email, user_lastname, user_name, user_password) VALUES (0, 0, 2017, 1, 2, '2017-07-30', 'Arquero', '101 Pine St', '78456123', 'player174@example.com', 'Williams', 'Emilio', 'password4');
INSERT INTO players (player_fee_paid, player_password_changed, category_id, club_id, role_id, player_birthdate, player_position, user_address, user_dni, user_email, user_lastname, user_name, user_password) VALUES (0, 0, 2017, 1, 2, '2017-11-05', 'Medio', '202 Maple St', '32654987', 'player175@example.com', 'Brown', 'Michael', 'password5');
INSERT INTO players (player_fee_paid, player_password_changed, category_id, club_id, role_id, player_birthdate, player_position, user_address, user_dni, user_email, user_lastname, user_name, user_password) VALUES (0, 0, 2017, 1, 2, '2017-09-15', 'Defensor', '22 Maple St', '42654987', 'player176@example.com', 'Brown', 'Matias', 'password6');
INSERT INTO players (player_fee_paid, player_password_changed, category_id, club_id, role_id, player_birthdate, player_position, user_address, user_dni, user_email, user_lastname, user_name, user_password) VALUES (0, 0, 2017, 1, 2, '2017-10-25', 'Delantero', '202 Maple St', '32654347', 'player177@example.com', 'Perez', 'Leonardo', 'password7');
INSERT INTO players (player_fee_paid, player_password_changed, category_id, club_id, role_id, player_birthdate, player_position, user_address, user_dni, user_email, user_lastname, user_name, user_password) VALUES (1, 0, 2018, 1, 2, '2018-05-15', 'Defensor', '123 Main St', '12356789', 'player181@example.com', 'Doe', 'John', 'password1');
INSERT INTO players (player_fee_paid, player_password_changed, category_id, club_id, role_id, player_birthdate, player_position, user_address, user_dni, user_email, user_lastname, user_name, user_password) VALUES (1, 1, 2018, 1, 2, '2018-08-22', 'Medio', '456 Elm St', '98754321', 'player182@example.com', 'Smith', 'Albert', 'password2');
INSERT INTO players (player_fee_paid, player_password_changed, category_id, club_id, role_id, player_birthdate, player_position, user_address, user_dni, user_email, user_lastname, user_name, user_password) VALUES (0, 1, 2018, 1, 2, '2018-02-10', 'Delantero', '789 Oak St', '45623789', 'player183@example.com', 'Johnson', 'Bob', 'password3');
INSERT INTO players (player_fee_paid, player_password_changed, category_id, club_id, role_id, player_birthdate, player_position, user_address, user_dni, user_email, user_lastname, user_name, user_password) VALUES (0, 0, 2018, 1, 2, '2018-07-30', 'Arquero', '101 Pine St', '78956123', 'player184@example.com', 'Williams', 'Emilio', 'password4');
INSERT INTO players (player_fee_paid, player_password_changed, category_id, club_id, role_id, player_birthdate, player_position, user_address, user_dni, user_email, user_lastname, user_name, user_password) VALUES (0, 0, 2018, 1, 2, '2018-11-05', 'Medio', '202 Maple St', '32154987', 'player185@example.com', 'Brown', 'Michael', 'password5');
INSERT INTO players (player_fee_paid, player_password_changed, category_id, club_id, role_id, player_birthdate, player_position, user_address, user_dni, user_email, user_lastname, user_name, user_password) VALUES (0, 0, 2018, 1, 2, '2018-09-15', 'Defensor', '22 Maple St', '42154987', 'player186@example.com', 'Brown', 'Matias', 'password6');
INSERT INTO players (player_fee_paid, player_password_changed, category_id, club_id, role_id, player_birthdate, player_position, user_address, user_dni, user_email, user_lastname, user_name, user_password) VALUES (0, 0, 2018, 1, 2, '2018-10-25', 'Delantero', '202 Maple St', '32154347', 'player187@example.com', 'Perez', 'Leonardo', 'password7');

-- EMPLOYEE
INSERT INTO employees (user_name, user_lastname, user_dni, user_email, user_address, user_password, role_id, club_id) VALUES ('Club', 'Admin', '0000', 'admin.admin@example.com', 'Av del Admin', 'employeePassword', 1, 1);

-- FIXTURE
INSERT INTO fixtures (fixture_name) VALUES ('Torneo ClubApp 2024');

-- GAMES
INSERT INTO games (game_day, game_time, game_islocal, game_teamrival, game_localgoals, game_rivalgoals, category_id, id_fixture) VALUES ('2024-03-09', '13:00', 0, 'Club 25 de Mayo', 1, 3, 2015, 1);
INSERT INTO games (game_day, game_time, game_islocal, game_teamrival, game_localgoals, game_rivalgoals, category_id, id_fixture) VALUES ('2024-03-09', '14:00', 0, 'Club 25 de Mayo', 4, 4, 2013, 1);
INSERT INTO games (game_day, game_time, game_islocal, game_teamrival, game_localgoals, game_rivalgoals, category_id, id_fixture) VALUES ('2024-03-09', '15:00', 0, 'Club 25 de Mayo', 7, 1, 2017, 1);
INSERT INTO games (game_day, game_time, game_islocal, game_teamrival, game_localgoals, game_rivalgoals, category_id, id_fixture) VALUES ('2024-03-09', '16:00', 0, 'Club 25 de Mayo', 4, 3, 2011, 1);
INSERT INTO games (game_day, game_time, game_islocal, game_teamrival, game_localgoals, game_rivalgoals, category_id, id_fixture) VALUES ('2024-03-09', '17:00', 0, 'Club 25 de Mayo', 3, 2, 2018, 1);
INSERT INTO games (game_day, game_time, game_islocal, game_teamrival, game_localgoals, game_rivalgoals, category_id, id_fixture) VALUES ('2024-03-09', '18:00', 0, 'Club 25 de Mayo', 1, 2, 2016, 1);
INSERT INTO games (game_day, game_time, game_islocal, game_teamrival, game_localgoals, game_rivalgoals, category_id, id_fixture) VALUES ('2024-03-09', '19:00', 0, 'Club 25 de Mayo', 4, 2, 2014, 1);
INSERT INTO games (game_day, game_time, game_islocal, game_teamrival, game_localgoals, game_rivalgoals, category_id, id_fixture) VALUES ('2024-03-09', '20:00', 0, 'Club 25 de Mayo', 4, 4, 2012, 1);
INSERT INTO games (game_day, game_time, game_islocal, game_teamrival, game_localgoals, game_rivalgoals, category_id, id_fixture) VALUES ('2024-03-16', '13:00', 1, 'Club Olimpo', 2, 1, 2015, 1);
INSERT INTO games (game_day, game_time, game_islocal, game_teamrival, game_localgoals, game_rivalgoals, category_id, id_fixture) VALUES ('2024-03-16', '14:00', 1, 'Club Olimpo', 2, 4, 2013, 1);
INSERT INTO games (game_day, game_time, game_islocal, game_teamrival, game_localgoals, game_rivalgoals, category_id, id_fixture) VALUES ('2024-03-16', '15:00', 1, 'Club Olimpo', 5, 3, 2017, 1);
INSERT INTO games (game_day, game_time, game_islocal, game_teamrival, game_localgoals, game_rivalgoals, category_id, id_fixture) VALUES ('2024-03-16', '16:00', 1, 'Club Olimpo', 5, 4, 2011, 1);
INSERT INTO games (game_day, game_time, game_islocal, game_teamrival, game_localgoals, game_rivalgoals, category_id, id_fixture) VALUES ('2024-03-16', '17:00', 1, 'Club Olimpo', 3, 2, 2018, 1);
INSERT INTO games (game_day, game_time, game_islocal, game_teamrival, game_localgoals, game_rivalgoals, category_id, id_fixture) VALUES ('2024-03-16', '18:00', 1, 'Club Olimpo', 3, 1, 2016, 1);
INSERT INTO games (game_day, game_time, game_islocal, game_teamrival, game_localgoals, game_rivalgoals, category_id, id_fixture) VALUES ('2024-03-16', '19:00', 1, 'Club Olimpo', 5, 2, 2014, 1);
INSERT INTO games (game_day, game_time, game_islocal, game_teamrival, game_localgoals, game_rivalgoals, category_id, id_fixture) VALUES ('2024-03-16', '20:00', 1, 'Club Olimpo', 6, 4, 2012, 1);
INSERT INTO games (game_day, game_time, game_islocal, game_teamrival, game_localgoals, game_rivalgoals, category_id, id_fixture) VALUES ('2024-03-23', '13:00', 0, 'Club Wilcoop', 3, 1, 2015, 1);
INSERT INTO games (game_day, game_time, game_islocal, game_teamrival, game_localgoals, game_rivalgoals, category_id, id_fixture) VALUES ('2024-03-23', '14:00', 0, 'Club Wilcoop', 2, 4, 2013, 1);
INSERT INTO games (game_day, game_time, game_islocal, game_teamrival, game_localgoals, game_rivalgoals, category_id, id_fixture) VALUES ('2024-03-23', '15:00', 0, 'Club Wilcoop', 6, 4, 2017, 1);
INSERT INTO games (game_day, game_time, game_islocal, game_teamrival, game_localgoals, game_rivalgoals, category_id, id_fixture) VALUES ('2024-03-23', '16:00', 0, 'Club Wilcoop', 1, 3, 2011, 1);
INSERT INTO games (game_day, game_time, game_islocal, game_teamrival, game_localgoals, game_rivalgoals, category_id, id_fixture) VALUES ('2024-03-23', '17:00', 0, 'Club Wilcoop', 2, 2, 2018, 1);
INSERT INTO games (game_day, game_time, game_islocal, game_teamrival, game_localgoals, game_rivalgoals, category_id, id_fixture) VALUES ('2024-03-23', '18:00', 0, 'Club Wilcoop', 4, 2, 2016, 1);
INSERT INTO games (game_day, game_time, game_islocal, game_teamrival, game_localgoals, game_rivalgoals, category_id, id_fixture) VALUES ('2024-03-23', '19:00', 0, 'Club Wilcoop', 5, 4, 2014, 1);
INSERT INTO games (game_day, game_time, game_islocal, game_teamrival, game_localgoals, game_rivalgoals, category_id, id_fixture) VALUES ('2024-03-23', '20:00', 0, 'Club Wilcoop', 0, 7, 2012, 1);
INSERT INTO games (game_day, game_time, game_islocal, game_teamrival, game_localgoals, game_rivalgoals, category_id, id_fixture) VALUES ('2024-03-30', '13:00', 1, 'Club 1º de Mayo', 0, 0, 2015, 1);
INSERT INTO games (game_day, game_time, game_islocal, game_teamrival, game_localgoals, game_rivalgoals, category_id, id_fixture) VALUES ('2024-03-30', '14:00', 1, 'Club 1º de Mayo', 0, 0, 2013, 1);
INSERT INTO games (game_day, game_time, game_islocal, game_teamrival, game_localgoals, game_rivalgoals, category_id, id_fixture) VALUES ('2024-03-30', '15:00', 1, 'Club 1º de Mayo', 0, 0, 2017, 1);
INSERT INTO games (game_day, game_time, game_islocal, game_teamrival, game_localgoals, game_rivalgoals, category_id, id_fixture) VALUES ('2024-03-30', '16:00', 1, 'Club 1º de Mayo', 0, 0, 2011, 1);
INSERT INTO games (game_day, game_time, game_islocal, game_teamrival, game_localgoals, game_rivalgoals, category_id, id_fixture) VALUES ('2024-03-30', '17:00', 1, 'Club 1º de Mayo', 0, 0, 2018, 1);
INSERT INTO games (game_day, game_time, game_islocal, game_teamrival, game_localgoals, game_rivalgoals, category_id, id_fixture) VALUES ('2024-03-30', '18:00', 1, 'Club 1º de Mayo', 0, 0, 2016, 1);
INSERT INTO games (game_day, game_time, game_islocal, game_teamrival, game_localgoals, game_rivalgoals, category_id, id_fixture) VALUES ('2024-03-30', '19:00', 1, 'Club 1º de Mayo', 0, 0, 2014, 1);
INSERT INTO games (game_day, game_time, game_islocal, game_teamrival, game_localgoals, game_rivalgoals, category_id, id_fixture) VALUES ('2024-03-30', '20:00', 1, 'Club 1º de Mayo', 0, 0, 2012, 1);
INSERT INTO games (game_day, game_time, game_islocal, game_teamrival, game_localgoals, game_rivalgoals, category_id, id_fixture) VALUES ('2024-04-02', '13:00', 0, 'Club Domingo Savio', 0, 0, 2015, 1);
INSERT INTO games (game_day, game_time, game_islocal, game_teamrival, game_localgoals, game_rivalgoals, category_id, id_fixture) VALUES ('2024-04-02', '14:00', 0, 'Club Domingo Savio', 0, 0, 2013, 1);
INSERT INTO games (game_day, game_time, game_islocal, game_teamrival, game_localgoals, game_rivalgoals, category_id, id_fixture) VALUES ('2024-04-02', '15:00', 0, 'Club Domingo Savio', 0, 0, 2017, 1);
INSERT INTO games (game_day, game_time, game_islocal, game_teamrival, game_localgoals, game_rivalgoals, category_id, id_fixture) VALUES ('2024-04-02', '16:00', 0, 'Club Domingo Savio', 0, 0, 2011, 1);
INSERT INTO games (game_day, game_time, game_islocal, game_teamrival, game_localgoals, game_rivalgoals, category_id, id_fixture) VALUES ('2024-04-02', '17:00', 0, 'Club Domingo Savio', 0, 0, 2018, 1);
INSERT INTO games (game_day, game_time, game_islocal, game_teamrival, game_localgoals, game_rivalgoals, category_id, id_fixture) VALUES ('2024-04-02', '18:00', 0, 'Club Domingo Savio', 0, 0, 2016, 1);
INSERT INTO games (game_day, game_time, game_islocal, game_teamrival, game_localgoals, game_rivalgoals, category_id, id_fixture) VALUES ('2024-04-02', '19:00', 0, 'Club Domingo Savio', 0, 0, 2014, 1);
INSERT INTO games (game_day, game_time, game_islocal, game_teamrival, game_localgoals, game_rivalgoals, category_id, id_fixture) VALUES ('2024-04-02', '20:00', 0, 'Club Domingo Savio', 0, 0, 2012, 1);
INSERT INTO games (game_day, game_time, game_islocal, game_teamrival, game_localgoals, game_rivalgoals, category_id, id_fixture) VALUES ('2024-04-06', '13:00', 1, 'Club Olimpia', 0, 0, 2015, 1);
INSERT INTO games (game_day, game_time, game_islocal, game_teamrival, game_localgoals, game_rivalgoals, category_id, id_fixture) VALUES ('2024-04-06', '14:00', 1, 'Club Olimpia', 0, 0, 2013, 1);
INSERT INTO games (game_day, game_time, game_islocal, game_teamrival, game_localgoals, game_rivalgoals, category_id, id_fixture) VALUES ('2024-04-06', '15:00', 1, 'Club Olimpia', 0, 0, 2017, 1);
INSERT INTO games (game_day, game_time, game_islocal, game_teamrival, game_localgoals, game_rivalgoals, category_id, id_fixture) VALUES ('2024-04-06', '16:00', 1, 'Club Olimpia', 0, 0, 2011, 1);
INSERT INTO games (game_day, game_time, game_islocal, game_teamrival, game_localgoals, game_rivalgoals, category_id, id_fixture) VALUES ('2024-04-06', '17:00', 1, 'Club Olimpia', 0, 0, 2018, 1);
INSERT INTO games (game_day, game_time, game_islocal, game_teamrival, game_localgoals, game_rivalgoals, category_id, id_fixture) VALUES ('2024-04-06', '18:00', 1, 'Club Olimpia', 0, 0, 2016, 1);
INSERT INTO games (game_day, game_time, game_islocal, game_teamrival, game_localgoals, game_rivalgoals, category_id, id_fixture) VALUES ('2024-04-06', '19:00', 1, 'Club Olimpia', 0, 0, 2014, 1);
INSERT INTO games (game_day, game_time, game_islocal, game_teamrival, game_localgoals, game_rivalgoals, category_id, id_fixture) VALUES ('2024-04-06', '20:00', 1, 'Club Olimpia', 0, 0, 2012, 1);
INSERT INTO games (game_day, game_time, game_islocal, game_teamrival, game_localgoals, game_rivalgoals, category_id, id_fixture) VALUES ('2024-04-13', '13:00', 0, 'Club 7 Estrellas', 0, 0, 2015, 1);
INSERT INTO games (game_day, game_time, game_islocal, game_teamrival, game_localgoals, game_rivalgoals, category_id, id_fixture) VALUES ('2024-04-13', '14:00', 0, 'Club 7 Estrellas', 0, 0, 2013, 1);
INSERT INTO games (game_day, game_time, game_islocal, game_teamrival, game_localgoals, game_rivalgoals, category_id, id_fixture) VALUES ('2024-04-13', '15:00', 0, 'Club 7 Estrellas', 0, 0, 2017, 1);
INSERT INTO games (game_day, game_time, game_islocal, game_teamrival, game_localgoals, game_rivalgoals, category_id, id_fixture) VALUES ('2024-04-13', '16:00', 0, 'Club 7 Estrellas', 0, 0, 2011, 1);
INSERT INTO games (game_day, game_time, game_islocal, game_teamrival, game_localgoals, game_rivalgoals, category_id, id_fixture) VALUES ('2024-04-13', '17:00', 0, 'Club 7 Estrellas', 0, 0, 2018, 1);
INSERT INTO games (game_day, game_time, game_islocal, game_teamrival, game_localgoals, game_rivalgoals, category_id, id_fixture) VALUES ('2024-04-13', '18:00', 0, 'Club 7 Estrellas', 0, 0, 2016, 1);
INSERT INTO games (game_day, game_time, game_islocal, game_teamrival, game_localgoals, game_rivalgoals, category_id, id_fixture) VALUES ('2024-04-13', '19:00', 0, 'Club 7 Estrellas', 0, 0, 2014, 1);
INSERT INTO games (game_day, game_time, game_islocal, game_teamrival, game_localgoals, game_rivalgoals, category_id, id_fixture) VALUES ('2024-04-13', '20:00', 0, 'Club 7 Estrellas', 0, 0, 2012, 1);
INSERT INTO games (game_day, game_time, game_islocal, game_teamrival, game_localgoals, game_rivalgoals, category_id, id_fixture) VALUES ('2024-04-20', '13:00', 1, 'Club Cultural Jrs.', 0, 0, 2015, 1);
INSERT INTO games (game_day, game_time, game_islocal, game_teamrival, game_localgoals, game_rivalgoals, category_id, id_fixture) VALUES ('2024-04-20', '14:00', 1, 'Club Cultural Jrs.', 0, 0, 2013, 1);
INSERT INTO games (game_day, game_time, game_islocal, game_teamrival, game_localgoals, game_rivalgoals, category_id, id_fixture) VALUES ('2024-04-20', '15:00', 1, 'Club Cultural Jrs.', 0, 0, 2017, 1);
INSERT INTO games (game_day, game_time, game_islocal, game_teamrival, game_localgoals, game_rivalgoals, category_id, id_fixture) VALUES ('2024-04-20', '16:00', 1, 'Club Cultural Jrs.', 0, 0, 2011, 1);
INSERT INTO games (game_day, game_time, game_islocal, game_teamrival, game_localgoals, game_rivalgoals, category_id, id_fixture) VALUES ('2024-04-20', '17:00', 1, 'Club Cultural Jrs.', 0, 0, 2018, 1);
INSERT INTO games (game_day, game_time, game_islocal, game_teamrival, game_localgoals, game_rivalgoals, category_id, id_fixture) VALUES ('2024-04-20', '18:00', 1, 'Club Cultural Jrs.', 0, 0, 2016, 1);
INSERT INTO games (game_day, game_time, game_islocal, game_teamrival, game_localgoals, game_rivalgoals, category_id, id_fixture) VALUES ('2024-04-20', '19:00', 1, 'Club Cultural Jrs.', 0, 0, 2014, 1);
INSERT INTO games (game_day, game_time, game_islocal, game_teamrival, game_localgoals, game_rivalgoals, category_id, id_fixture) VALUES ('2024-04-20', '20:00', 1, 'Club Cultural Jrs.', 0, 0, 2012, 1);
INSERT INTO games (game_day, game_time, game_islocal, game_teamrival, game_localgoals, game_rivalgoals, category_id, id_fixture) VALUES ('2024-04-27', '13:00', 0, 'Club Villa Spinola', 0, 0, 2015, 1);
INSERT INTO games (game_day, game_time, game_islocal, game_teamrival, game_localgoals, game_rivalgoals, category_id, id_fixture) VALUES ('2024-04-27', '14:00', 0, 'Club Villa Spinola', 0, 0, 2013, 1);
INSERT INTO games (game_day, game_time, game_islocal, game_teamrival, game_localgoals, game_rivalgoals, category_id, id_fixture) VALUES ('2024-04-27', '15:00', 0, 'Club Villa Spinola', 0, 0, 2017, 1);
INSERT INTO games (game_day, game_time, game_islocal, game_teamrival, game_localgoals, game_rivalgoals, category_id, id_fixture) VALUES ('2024-04-27', '16:00', 0, 'Club Villa Spinola', 0, 0, 2011, 1);
INSERT INTO games (game_day, game_time, game_islocal, game_teamrival, game_localgoals, game_rivalgoals, category_id, id_fixture) VALUES ('2024-04-27', '17:00', 0, 'Club Villa Spinola', 0, 0, 2018, 1);
INSERT INTO games (game_day, game_time, game_islocal, game_teamrival, game_localgoals, game_rivalgoals, category_id, id_fixture) VALUES ('2024-04-27', '18:00', 0, 'Club Villa Spinola', 0, 0, 2016, 1);
INSERT INTO games (game_day, game_time, game_islocal, game_teamrival, game_localgoals, game_rivalgoals, category_id, id_fixture) VALUES ('2024-04-27', '19:00', 0, 'Club Villa Spinola', 0, 0, 2014, 1);
INSERT INTO games (game_day, game_time, game_islocal, game_teamrival, game_localgoals, game_rivalgoals, category_id, id_fixture) VALUES ('2024-04-27', '20:00', 0, 'Club Villa Spinola', 0, 0, 2012, 1);
INSERT INTO games (game_day, game_time, game_islocal, game_teamrival, game_localgoals, game_rivalgoals, category_id, id_fixture) VALUES ('2024-05-01', '13:00', 1, 'Club Renunciamiento', 0, 0, 2015, 1);
INSERT INTO games (game_day, game_time, game_islocal, game_teamrival, game_localgoals, game_rivalgoals, category_id, id_fixture) VALUES ('2024-05-01', '14:00', 1, 'Club Renunciamiento', 0, 0, 2013, 1);
INSERT INTO games (game_day, game_time, game_islocal, game_teamrival, game_localgoals, game_rivalgoals, category_id, id_fixture) VALUES ('2024-05-01', '15:00', 1, 'Club Renunciamiento', 0, 0, 2017, 1);
INSERT INTO games (game_day, game_time, game_islocal, game_teamrival, game_localgoals, game_rivalgoals, category_id, id_fixture) VALUES ('2024-05-01', '16:00', 1, 'Club Renunciamiento', 0, 0, 2011, 1);
INSERT INTO games (game_day, game_time, game_islocal, game_teamrival, game_localgoals, game_rivalgoals, category_id, id_fixture) VALUES ('2024-05-01', '17:00', 1, 'Club Renunciamiento', 0, 0, 2018, 1);
INSERT INTO games (game_day, game_time, game_islocal, game_teamrival, game_localgoals, game_rivalgoals, category_id, id_fixture) VALUES ('2024-05-01', '18:00', 1, 'Club Renunciamiento', 0, 0, 2016, 1);
INSERT INTO games (game_day, game_time, game_islocal, game_teamrival, game_localgoals, game_rivalgoals, category_id, id_fixture) VALUES ('2024-05-01', '19:00', 1, 'Club Renunciamiento', 0, 0, 2014, 1);
INSERT INTO games (game_day, game_time, game_islocal, game_teamrival, game_localgoals, game_rivalgoals, category_id, id_fixture) VALUES ('2024-05-01', '20:00', 1, 'Club Renunciamiento', 0, 0, 2012, 1);
INSERT INTO games (game_day, game_time, game_islocal, game_teamrival, game_localgoals, game_rivalgoals, category_id, id_fixture) VALUES ('2024-05-04', '13:00', 0, 'Club Villegas', 0, 0, 2015, 1);
INSERT INTO games (game_day, game_time, game_islocal, game_teamrival, game_localgoals, game_rivalgoals, category_id, id_fixture) VALUES ('2024-05-04', '14:00', 0, 'Club Villegas', 0, 0, 2013, 1);
INSERT INTO games (game_day, game_time, game_islocal, game_teamrival, game_localgoals, game_rivalgoals, category_id, id_fixture) VALUES ('2024-05-04', '15:00', 0, 'Club Villegas', 0, 0, 2017, 1);
INSERT INTO games (game_day, game_time, game_islocal, game_teamrival, game_localgoals, game_rivalgoals, category_id, id_fixture) VALUES ('2024-05-04', '16:00', 0, 'Club Villegas', 0, 0, 2011, 1);
INSERT INTO games (game_day, game_time, game_islocal, game_teamrival, game_localgoals, game_rivalgoals, category_id, id_fixture) VALUES ('2024-05-04', '17:00', 0, 'Club Villegas', 0, 0, 2018, 1);
INSERT INTO games (game_day, game_time, game_islocal, game_teamrival, game_localgoals, game_rivalgoals, category_id, id_fixture) VALUES ('2024-05-04', '18:00', 0, 'Club Villegas', 0, 0, 2016, 1);
INSERT INTO games (game_day, game_time, game_islocal, game_teamrival, game_localgoals, game_rivalgoals, category_id, id_fixture) VALUES ('2024-05-04', '19:00', 0, 'Club Villegas', 0, 0, 2014, 1);
INSERT INTO games (game_day, game_time, game_islocal, game_teamrival, game_localgoals, game_rivalgoals, category_id, id_fixture) VALUES ('2024-05-04', '20:00', 0, 'Club Villegas', 0, 0, 2012, 1);
INSERT INTO games (game_day, game_time, game_islocal, game_teamrival, game_localgoals, game_rivalgoals, category_id, id_fixture) VALUES ('2024-05-11', '13:00', 0, 'Club Barrio Azul', 0, 0, 2015, 1);
INSERT INTO games (game_day, game_time, game_islocal, game_teamrival, game_localgoals, game_rivalgoals, category_id, id_fixture) VALUES ('2024-05-11', '14:00', 0, 'Club Barrio Azul', 0, 0, 2013, 1);
INSERT INTO games (game_day, game_time, game_islocal, game_teamrival, game_localgoals, game_rivalgoals, category_id, id_fixture) VALUES ('2024-05-11', '15:00', 0, 'Club Barrio Azul', 0, 0, 2017, 1);
INSERT INTO games (game_day, game_time, game_islocal, game_teamrival, game_localgoals, game_rivalgoals, category_id, id_fixture) VALUES ('2024-05-11', '16:00', 0, 'Club Barrio Azul', 0, 0, 2011, 1);
INSERT INTO games (game_day, game_time, game_islocal, game_teamrival, game_localgoals, game_rivalgoals, category_id, id_fixture) VALUES ('2024-05-11', '17:00', 0, 'Club Barrio Azul', 0, 0, 2018, 1);
INSERT INTO games (game_day, game_time, game_islocal, game_teamrival, game_localgoals, game_rivalgoals, category_id, id_fixture) VALUES ('2024-05-11', '18:00', 0, 'Club Barrio Azul', 0, 0, 2016, 1);
INSERT INTO games (game_day, game_time, game_islocal, game_teamrival, game_localgoals, game_rivalgoals, category_id, id_fixture) VALUES ('2024-05-11', '19:00', 0, 'Club Barrio Azul', 0, 0, 2014, 1);
INSERT INTO games (game_day, game_time, game_islocal, game_teamrival, game_localgoals, game_rivalgoals, category_id, id_fixture) VALUES ('2024-05-11', '20:00', 0, 'Club Barrio Azul', 0, 0, 2012, 1);
INSERT INTO games (game_day, game_time, game_islocal, game_teamrival, game_localgoals, game_rivalgoals, category_id, id_fixture) VALUES ('2024-05-18', '13:00', 1, 'Club U.S.T', 0, 0, 2015, 1);
INSERT INTO games (game_day, game_time, game_islocal, game_teamrival, game_localgoals, game_rivalgoals, category_id, id_fixture) VALUES ('2024-05-18', '14:00', 1, 'Club U.S.T', 0, 0, 2013, 1);
INSERT INTO games (game_day, game_time, game_islocal, game_teamrival, game_localgoals, game_rivalgoals, category_id, id_fixture) VALUES ('2024-05-18', '15:00', 1, 'Club U.S.T', 0, 0, 2017, 1);
INSERT INTO games (game_day, game_time, game_islocal, game_teamrival, game_localgoals, game_rivalgoals, category_id, id_fixture) VALUES ('2024-05-18', '16:00', 1, 'Club U.S.T', 0, 0, 2011, 1);
INSERT INTO games (game_day, game_time, game_islocal, game_teamrival, game_localgoals, game_rivalgoals, category_id, id_fixture) VALUES ('2024-05-18', '17:00', 1, 'Club U.S.T', 0, 0, 2018, 1);
INSERT INTO games (game_day, game_time, game_islocal, game_teamrival, game_localgoals, game_rivalgoals, category_id, id_fixture) VALUES ('2024-05-18', '18:00', 1, 'Club U.S.T', 0, 0, 2016, 1);
INSERT INTO games (game_day, game_time, game_islocal, game_teamrival, game_localgoals, game_rivalgoals, category_id, id_fixture) VALUES ('2024-05-18', '19:00', 1, 'Club U.S.T', 0, 0, 2014, 1);
INSERT INTO games (game_day, game_time, game_islocal, game_teamrival, game_localgoals, game_rivalgoals, category_id, id_fixture) VALUES ('2024-05-18', '20:00', 1, 'Club U.S.T', 0, 0, 2012, 1);
INSERT INTO games (game_day, game_time, game_islocal, game_teamrival, game_localgoals, game_rivalgoals, category_id, id_fixture) VALUES ('2024-05-25', '13:00', 0, 'Club Real Gonnet', 0, 0, 2015, 1);
INSERT INTO games (game_day, game_time, game_islocal, game_teamrival, game_localgoals, game_rivalgoals, category_id, id_fixture) VALUES ('2024-05-25', '14:00', 0, 'Club Real Gonnet', 0, 0, 2013, 1);
INSERT INTO games (game_day, game_time, game_islocal, game_teamrival, game_localgoals, game_rivalgoals, category_id, id_fixture) VALUES ('2024-05-25', '15:00', 0, 'Club Real Gonnet', 0, 0, 2017, 1);
INSERT INTO games (game_day, game_time, game_islocal, game_teamrival, game_localgoals, game_rivalgoals, category_id, id_fixture) VALUES ('2024-05-25', '16:00', 0, 'Club Real Gonnet', 0, 0, 2011, 1);
INSERT INTO games (game_day, game_time, game_islocal, game_teamrival, game_localgoals, game_rivalgoals, category_id, id_fixture) VALUES ('2024-05-25', '17:00', 0, 'Club Real Gonnet', 0, 0, 2018, 1);
INSERT INTO games (game_day, game_time, game_islocal, game_teamrival, game_localgoals, game_rivalgoals, category_id, id_fixture) VALUES ('2024-05-25', '18:00', 0, 'Club Real Gonnet', 0, 0, 2016, 1);
INSERT INTO games (game_day, game_time, game_islocal, game_teamrival, game_localgoals, game_rivalgoals, category_id, id_fixture) VALUES ('2024-05-25', '19:00', 0, 'Club Real Gonnet', 0, 0, 2014, 1);
INSERT INTO games (game_day, game_time, game_islocal, game_teamrival, game_localgoals, game_rivalgoals, category_id, id_fixture) VALUES ('2024-05-25', '20:00', 0, 'Club Real Gonnet', 0, 0, 2012, 1);
INSERT INTO games (game_day, game_time, game_islocal, game_teamrival, game_localgoals, game_rivalgoals, category_id, id_fixture) VALUES ('2024-06-01', '13:00', 1, 'Club Sol de Oro', 0, 0, 2015, 1);
INSERT INTO games (game_day, game_time, game_islocal, game_teamrival, game_localgoals, game_rivalgoals, category_id, id_fixture) VALUES ('2024-06-01', '14:00', 1, 'Club Sol de Oro', 0, 0, 2013, 1);
INSERT INTO games (game_day, game_time, game_islocal, game_teamrival, game_localgoals, game_rivalgoals, category_id, id_fixture) VALUES ('2024-06-01', '15:00', 1, 'Club Sol de Oro', 0, 0, 2017, 1);
INSERT INTO games (game_day, game_time, game_islocal, game_teamrival, game_localgoals, game_rivalgoals, category_id, id_fixture) VALUES ('2024-06-01', '16:00', 1, 'Club Sol de Oro', 0, 0, 2011, 1);
INSERT INTO games (game_day, game_time, game_islocal, game_teamrival, game_localgoals, game_rivalgoals, category_id, id_fixture) VALUES ('2024-06-01', '17:00', 1, 'Club Sol de Oro', 0, 0, 2018, 1);
INSERT INTO games (game_day, game_time, game_islocal, game_teamrival, game_localgoals, game_rivalgoals, category_id, id_fixture) VALUES ('2024-06-01', '18:00', 1, 'Club Sol de Oro', 0, 0, 2016, 1);
INSERT INTO games (game_day, game_time, game_islocal, game_teamrival, game_localgoals, game_rivalgoals, category_id, id_fixture) VALUES ('2024-06-01', '19:00', 1, 'Club Sol de Oro', 0, 0, 2014, 1);
INSERT INTO games (game_day, game_time, game_islocal, game_teamrival, game_localgoals, game_rivalgoals, category_id, id_fixture) VALUES ('2024-06-01', '20:00', 1, 'Club Sol de Oro', 0, 0, 2012, 1);
INSERT INTO games (game_day, game_time, game_islocal, game_teamrival, game_localgoals, game_rivalgoals, category_id, id_fixture) VALUES ('2024-06-08', '13:00', 0, 'Club J.U.V. Giardino', 0, 0, 2015, 1);
INSERT INTO games (game_day, game_time, game_islocal, game_teamrival, game_localgoals, game_rivalgoals, category_id, id_fixture) VALUES ('2024-06-08', '14:00', 0, 'Club J.U.V. Giardino', 0, 0, 2013, 1);
INSERT INTO games (game_day, game_time, game_islocal, game_teamrival, game_localgoals, game_rivalgoals, category_id, id_fixture) VALUES ('2024-06-08', '15:00', 0, 'Club J.U.V. Giardino', 0, 0, 2017, 1);
INSERT INTO games (game_day, game_time, game_islocal, game_teamrival, game_localgoals, game_rivalgoals, category_id, id_fixture) VALUES ('2024-06-08', '16:00', 0, 'Club J.U.V. Giardino', 0, 0, 2011, 1);
INSERT INTO games (game_day, game_time, game_islocal, game_teamrival, game_localgoals, game_rivalgoals, category_id, id_fixture) VALUES ('2024-06-08', '17:00', 0, 'Club J.U.V. Giardino', 0, 0, 2018, 1);
INSERT INTO games (game_day, game_time, game_islocal, game_teamrival, game_localgoals, game_rivalgoals, category_id, id_fixture) VALUES ('2024-06-08', '18:00', 0, 'Club J.U.V. Giardino', 0, 0, 2016, 1);
INSERT INTO games (game_day, game_time, game_islocal, game_teamrival, game_localgoals, game_rivalgoals, category_id, id_fixture) VALUES ('2024-06-08', '19:00', 0, 'Club J.U.V. Giardino', 0, 0, 2014, 1);
INSERT INTO games (game_day, game_time, game_islocal, game_teamrival, game_localgoals, game_rivalgoals, category_id, id_fixture) VALUES ('2024-06-08', '20:00', 0, 'Club J.U.V. Giardino', 0, 0, 2012, 1);
INSERT INTO games (game_day, game_time, game_islocal, game_teamrival, game_localgoals, game_rivalgoals, category_id, id_fixture) VALUES ('2024-06-15', '13:00', 1, 'Club 20 de Junio', 0, 0, 2015, 1);
INSERT INTO games (game_day, game_time, game_islocal, game_teamrival, game_localgoals, game_rivalgoals, category_id, id_fixture) VALUES ('2024-06-15', '14:00', 1, 'Club 20 de Junio', 0, 0, 2013, 1);
INSERT INTO games (game_day, game_time, game_islocal, game_teamrival, game_localgoals, game_rivalgoals, category_id, id_fixture) VALUES ('2024-06-15', '15:00', 1, 'Club 20 de Junio', 0, 0, 2017, 1);
INSERT INTO games (game_day, game_time, game_islocal, game_teamrival, game_localgoals, game_rivalgoals, category_id, id_fixture) VALUES ('2024-06-15', '16:00', 1, 'Club 20 de Junio', 0, 0, 2011, 1);
INSERT INTO games (game_day, game_time, game_islocal, game_teamrival, game_localgoals, game_rivalgoals, category_id, id_fixture) VALUES ('2024-06-15', '17:00', 1, 'Club 20 de Junio', 0, 0, 2018, 1);
INSERT INTO games (game_day, game_time, game_islocal, game_teamrival, game_localgoals, game_rivalgoals, category_id, id_fixture) VALUES ('2024-06-15', '18:00', 1, 'Club 20 de Junio', 0, 0, 2016, 1);
INSERT INTO games (game_day, game_time, game_islocal, game_teamrival, game_localgoals, game_rivalgoals, category_id, id_fixture) VALUES ('2024-06-15', '19:00', 1, 'Club 20 de Junio', 0, 0, 2014, 1);
INSERT INTO games (game_day, game_time, game_islocal, game_teamrival, game_localgoals, game_rivalgoals, category_id, id_fixture) VALUES ('2024-06-15', '20:00', 1, 'Club 20 de Junio', 0, 0, 2012, 1);
INSERT INTO games (game_day, game_time, game_islocal, game_teamrival, game_localgoals, game_rivalgoals, category_id, id_fixture) VALUES ('2024-06-20', '13:00', 0, 'Club Barrio Futuro Jrs.', 0, 0, 2015, 1);
INSERT INTO games (game_day, game_time, game_islocal, game_teamrival, game_localgoals, game_rivalgoals, category_id, id_fixture) VALUES ('2024-06-20', '14:00', 0, 'Club Barrio Futuro Jrs.', 0, 0, 2013, 1);
INSERT INTO games (game_day, game_time, game_islocal, game_teamrival, game_localgoals, game_rivalgoals, category_id, id_fixture) VALUES ('2024-06-20', '15:00', 0, 'Club Barrio Futuro Jrs.', 0, 0, 2017, 1);
INSERT INTO games (game_day, game_time, game_islocal, game_teamrival, game_localgoals, game_rivalgoals, category_id, id_fixture) VALUES ('2024-06-20', '16:00', 0, 'Club Barrio Futuro Jrs.', 0, 0, 2011, 1);
INSERT INTO games (game_day, game_time, game_islocal, game_teamrival, game_localgoals, game_rivalgoals, category_id, id_fixture) VALUES ('2024-06-20', '17:00', 0, 'Club Barrio Futuro Jrs.', 0, 0, 2018, 1);
INSERT INTO games (game_day, game_time, game_islocal, game_teamrival, game_localgoals, game_rivalgoals, category_id, id_fixture) VALUES ('2024-06-20', '18:00', 0, 'Club Barrio Futuro Jrs.', 0, 0, 2016, 1);
INSERT INTO games (game_day, game_time, game_islocal, game_teamrival, game_localgoals, game_rivalgoals, category_id, id_fixture) VALUES ('2024-06-20', '19:00', 0, 'Club Barrio Futuro Jrs.', 0, 0, 2014, 1);
INSERT INTO games (game_day, game_time, game_islocal, game_teamrival, game_localgoals, game_rivalgoals, category_id, id_fixture) VALUES ('2024-06-20', '20:00', 0, 'Club Barrio Futuro Jrs.', 0, 0, 2012, 1);
INSERT INTO games (game_day, game_time, game_islocal, game_teamrival, game_localgoals, game_rivalgoals, category_id, id_fixture) VALUES ('2024-06-22', '13:00', 1, 'Club El Porve de Gerli', 0, 0, 2015, 1);
INSERT INTO games (game_day, game_time, game_islocal, game_teamrival, game_localgoals, game_rivalgoals, category_id, id_fixture) VALUES ('2024-06-22', '14:00', 1, 'Club El Porve de Gerli', 0, 0, 2013, 1);
INSERT INTO games (game_day, game_time, game_islocal, game_teamrival, game_localgoals, game_rivalgoals, category_id, id_fixture) VALUES ('2024-06-22', '15:00', 1, 'Club El Porve de Gerli', 0, 0, 2017, 1);
INSERT INTO games (game_day, game_time, game_islocal, game_teamrival, game_localgoals, game_rivalgoals, category_id, id_fixture) VALUES ('2024-06-22', '16:00', 1, 'Club El Porve de Gerli', 0, 0, 2011, 1);
INSERT INTO games (game_day, game_time, game_islocal, game_teamrival, game_localgoals, game_rivalgoals, category_id, id_fixture) VALUES ('2024-06-22', '17:00', 1, 'Club El Porve de Gerli', 0, 0, 2018, 1);
INSERT INTO games (game_day, game_time, game_islocal, game_teamrival, game_localgoals, game_rivalgoals, category_id, id_fixture) VALUES ('2024-06-22', '18:00', 1, 'Club El Porve de Gerli', 0, 0, 2016, 1);
INSERT INTO games (game_day, game_time, game_islocal, game_teamrival, game_localgoals, game_rivalgoals, category_id, id_fixture) VALUES ('2024-06-22', '19:00', 1, 'Club El Porve de Gerli', 0, 0, 2014, 1);
INSERT INTO games (game_day, game_time, game_islocal, game_teamrival, game_localgoals, game_rivalgoals, category_id, id_fixture) VALUES ('2024-06-22', '20:00', 1, 'Club El Porve de Gerli', 0, 0, 2012, 1);


-- PAYMENTS
INSERT INTO payments (amount, player_player_id) VALUES ('100', '1');
